row_idx,bundle_id,true_indice,num_input_items,num_valid_input_embeddings,gt_input_sim,neg_input_sim_mean,neg_input_sim_max,gt_margin_vs_best_neg,gt_margin_vs_neg_mean,gt_semantic_rank,gt_semantic_top1,gt_semantic_mrr,semantic_top_option_idx,semantic_top_item,semantic_top_sim,pred_option_idx,pred_input_sim,pred_is_semantic_top1,hit,gt_to_distractor_sim_mean,gt_to_distractor_sim_max
0,722,24445,1,1,0.5986177921295166,0.6031548380851746,0.7122575044631958,-0.1136397123336792,-0.004537045955657959,6,0,0.16666666666666666,3,19254,0.7122575044631958,0,0.5850822925567627,0,0,0.5415204167366028,0.5943248271942139
1,2266,10879,2,2,0.705111563205719,0.6108530163764954,0.7013024091720581,0.0038091540336608887,0.09425854682922363,1,1,1.0,1,10879,0.705111563205719,2,0.597415030002594,0,0,0.5825281143188477,0.8012517690658569
2,4809,22427,1,1,0.6810500025749207,0.5357465147972107,0.7050207853317261,-0.02397078275680542,0.14530348777770996,2,0,0.5,6,4193,0.7050207853317261,9,0.5517374277114868,0,0,0.6403912305831909,0.8262730836868286
3,11737,39944,1,1,0.6789253950119019,0.6013950705528259,0.7234996557235718,-0.04457426071166992,0.07753032445907593,3,0,0.3333333333333333,7,4642,0.7234996557235718,3,0.6607828140258789,0,0,0.660897433757782,0.9445640444755554
4,17869,43126,1,1,0.576261043548584,0.5708714723587036,0.7873678207397461,-0.2111067771911621,0.005389571189880371,3,0,0.3333333333333333,7,47662,0.7873678207397461,4,0.576261043548584,0,1,0.643993616104126,0.7127843499183655
5,12361,26154,1,1,0.49531233310699463,0.610421895980835,0.7609797716140747,-0.2656674385070801,-0.11510956287384033,9,0,0.1111111111111111,7,3688,0.7609797716140747,1,0.5954243540763855,0,0,0.5020320415496826,0.5605745911598206
6,4551,32272,2,2,0.7543258666992188,0.6427000761032104,0.8220557570457458,-0.0677298903465271,0.1116257905960083,2,0,0.5,5,41550,0.8220557570457458,3,0.6372048258781433,0,0,0.5837607383728027,0.6586739420890808
7,379,39127,2,2,0.6388789415359497,0.6220180988311768,0.743529736995697,-0.10465079545974731,0.01686084270477295,5,0,0.2,0,13334,0.743529736995697,2,0.6378616094589233,0,0,0.5550597906112671,0.7326785326004028
8,10076,11606,2,2,0.5585037469863892,0.5776795744895935,0.6642473936080933,-0.1057436466217041,-0.019175827503204346,9,0,0.1111111111111111,8,10506,0.6642473936080933,2,0.5784730911254883,0,0,0.5714213252067566,0.7144845724105835
9,14042,13907,2,2,0.6043074131011963,0.5529521107673645,0.7705217003822327,-0.16621428728103638,0.05135530233383179,3,0,0.3333333333333333,8,45516,0.7705217003822327,1,0.6043074131011963,0,1,0.431901216506958,0.5391507148742676
10,7226,36389,1,1,0.5478954315185547,0.6345148682594299,0.7166465520858765,-0.16875112056732178,-0.08661943674087524,9,0,0.1111111111111111,2,40157,0.7166465520858765,8,0.5478954315185547,0,1,0.5706104636192322,0.6857399940490723
11,5280,31930,2,2,0.6870200634002686,0.6679661273956299,0.7831665873527527,-0.09614652395248413,0.019053936004638672,5,0,0.2,0,23681,0.7831665873527527,1,0.6870200634002686,0,1,0.6195145845413208,0.785549521446228
12,15019,10707,2,2,0.6205596923828125,0.6702678203582764,0.7947389483451843,-0.17417925596237183,-0.04970812797546387,7,0,0.14285714285714285,4,10781,0.7947389483451843,4,0.7947389483451843,1,0,0.5241702795028687,0.5968594551086426
13,19644,28894,2,2,0.685832679271698,0.6137912273406982,0.6699824333190918,0.0158502459526062,0.07204145193099976,1,1,1.0,3,28894,0.685832679271698,3,0.685832679271698,1,1,0.6509167551994324,0.7429934144020081
14,2032,20323,2,2,0.6852863430976868,0.6864139437675476,0.7612209320068359,-0.07593458890914917,-0.0011276006698608398,6,0,0.16666666666666666,1,13595,0.7612209320068359,7,0.7496819496154785,0,0,0.5750534534454346,0.8405905961990356
15,19614,39019,2,2,0.6848105192184448,0.5858627557754517,0.7647078037261963,-0.07989728450775146,0.09894776344299316,3,0,0.3333333333333333,7,29379,0.7647078037261963,7,0.7647078037261963,1,0,0.5339114665985107,0.7871165871620178
16,118,12263,2,2,0.661618173122406,0.6573907136917114,0.7124692797660828,-0.05085110664367676,0.00422745943069458,6,0,0.16666666666666666,2,1328,0.7124692797660828,4,0.661618173122406,0,1,0.5935900807380676,0.7550973892211914
17,6154,22634,2,2,0.6129469871520996,0.6242775917053223,0.652781069278717,-0.03983408212661743,-0.011330604553222656,8,0,0.125,0,13105,0.652781069278717,2,0.5303875207901001,0,0,0.5641911625862122,0.7025575637817383
18,9585,32736,2,2,0.7468865513801575,0.6404139995574951,0.7449647188186646,0.00192183256149292,0.10647255182266235,1,1,1.0,2,32736,0.7468865513801575,2,0.7468865513801575,1,1,0.5765333771705627,0.6668357849121094
19,16123,10378,1,1,0.47269701957702637,0.47503960132598877,0.5392178297042847,-0.0665208101272583,-0.0023425817489624023,5,0,0.2,2,29046,0.5392178297042847,2,0.5392178297042847,1,0,0.47005409002304077,0.5771898031234741
20,3227,26866,1,1,0.6302692890167236,0.6167538166046143,0.7036340832710266,-0.07336479425430298,0.013515472412109375,5,0,0.2,6,18450,0.7036340832710266,8,0.5697588920593262,0,0,0.6173366904258728,0.769365668296814
21,341,38297,2,2,0.6762427687644958,0.6011664271354675,0.7163841724395752,-0.040141403675079346,0.07507634162902832,4,0,0.25,9,25846,0.7163841724395752,0,0.525041401386261,0,0,0.5483514666557312,0.8147432804107666
22,7171,5677,1,1,0.4667907655239105,0.6169667840003967,0.7783166170120239,-0.3115258514881134,-0.1501760184764862,10,0,0.1,3,5877,0.7783166170120239,3,0.7783166170120239,1,0,0.4427984952926636,0.5514789819717407
23,11406,10008,1,1,0.6754991412162781,0.676696240901947,0.7469422221183777,-0.07144308090209961,-0.0011970996856689453,6,0,0.16666666666666666,0,10611,0.7469422221183777,1,0.6754991412162781,0,1,0.5829271674156189,0.6774340867996216
24,209,28580,1,1,0.6742407083511353,0.59253990650177,0.6533032655715942,0.020937442779541016,0.08170080184936523,1,1,1.0,9,28580,0.6742407083511353,3,0.597688615322113,0,0,0.5398155450820923,0.6439255475997925
25,18951,43920,1,1,0.5623996257781982,0.6188428401947021,0.6979477405548096,-0.13554811477661133,-0.056443214416503906,8,0,0.125,2,42150,0.6979477405548096,9,0.6812386512756348,0,0,0.5164682269096375,0.5751757621765137
26,10838,21574,2,2,0.5938751697540283,0.6257655620574951,0.6761576533317566,-0.08228248357772827,-0.0318903923034668,8,0,0.125,6,9047,0.6761576533317566,0,0.5938751697540283,0,1,0.57843017578125,0.7119930982589722
27,15964,14978,2,2,0.6343083381652832,0.626481294631958,0.7241487503051758,-0.08984041213989258,0.007827043533325195,6,0,0.16666666666666666,0,43634,0.7241487503051758,4,0.5368053317070007,0,0,0.5626819133758545,0.8419212102890015
28,2242,29940,2,2,0.6403165459632874,0.6158815026283264,0.7350443005561829,-0.09472775459289551,0.024435043334960938,5,0,0.2,0,25824,0.7350443005561829,0,0.7350443005561829,1,0,0.5988612174987793,0.7848515510559082
29,3374,21774,1,1,0.7471301555633545,0.6246612071990967,0.796058177947998,-0.048928022384643555,0.12246894836425781,2,0,0.5,9,33924,0.796058177947998,7,0.5471223592758179,0,0,0.651222288608551,0.8325896263122559
30,13596,40137,2,2,0.7088625431060791,0.6544476747512817,0.8002750873565674,-0.09141254425048828,0.05441486835479736,4,0,0.25,2,20708,0.8002750873565674,7,0.7088625431060791,0,1,0.5761828422546387,0.6454907059669495
31,12823,44488,1,1,0.5583130121231079,0.5267199277877808,0.5995743274688721,-0.04126131534576416,0.03159308433532715,2,0,0.5,0,42383,0.5995743274688721,9,0.5583130121231079,0,1,0.612343430519104,0.730978786945343
32,10127,18508,2,2,0.7484526634216309,0.7032522559165955,0.8078827857971191,-0.05943012237548828,0.0452004075050354,4,0,0.25,5,42135,0.8078827857971191,8,0.7309643030166626,0,0,0.6223429441452026,0.728666365146637
33,6722,14450,2,2,0.665521502494812,0.6552485823631287,0.7921549081802368,-0.1266334056854248,0.01027292013168335,5,0,0.2,8,35081,0.7921549081802368,3,0.6005847454071045,0,0,0.5330823063850403,0.65509033203125
34,18113,14283,2,2,0.6279804706573486,0.7104386687278748,0.8030017614364624,-0.17502129077911377,-0.08245819807052612,10,0,0.1,3,21736,0.8030017614364624,7,0.7268871068954468,0,0,0.5657365322113037,0.6103239059448242
35,3080,45346,2,2,0.6195624470710754,0.6507771015167236,0.7685083150863647,-0.1489458680152893,-0.031214654445648193,7,0,0.14285714285714285,4,5692,0.7685083150863647,0,0.6597687005996704,0,0,0.5644375085830688,0.6217285990715027
36,7017,17236,1,1,0.5939929485321045,0.5760905742645264,0.6851989030838013,-0.09120595455169678,0.017902374267578125,5,0,0.2,5,44387,0.6851989030838013,2,0.5901719331741333,0,0,0.5269291996955872,0.6101717948913574
37,3214,14408,2,2,0.6234632134437561,0.6602938175201416,0.7191145420074463,-0.09565132856369019,-0.0368306040763855,9,0,0.1111111111111111,2,25934,0.7191145420074463,8,0.6961643099784851,0,0,0.5743460655212402,0.6732524037361145
38,14091,37555,1,1,0.5914785265922546,0.5451695919036865,0.6455609798431396,-0.05408245325088501,0.046308934688568115,4,0,0.25,3,17110,0.6455609798431396,1,0.5914785265922546,0,1,0.67403244972229,0.8944296836853027
39,5470,25370,2,2,0.6692958474159241,0.660001814365387,0.7555539608001709,-0.08625811338424683,0.00929403305053711,6,0,0.16666666666666666,5,41961,0.7555539608001709,6,0.6692958474159241,0,1,0.6481576561927795,0.876731276512146
40,3302,26710,2,2,0.5526957511901855,0.6323551535606384,0.6924371123313904,-0.13974136114120483,-0.07965940237045288,10,0,0.1,7,22264,0.6924371123313904,9,0.5526957511901855,0,1,0.4962679147720337,0.6038431525230408
41,18200,29914,1,1,0.7130117416381836,0.7036005258560181,0.8819394111633301,-0.16892766952514648,0.009411215782165527,5,0,0.2,0,34192,0.8819394111633301,1,0.7044785618782043,0,0,0.6287930011749268,0.6853353977203369
42,13627,2572,2,2,0.642825722694397,0.6184324622154236,0.7108297944068909,-0.0680040717124939,0.02439326047897339,5,0,0.2,0,27868,0.7108297944068909,1,0.6697803735733032,0,0,0.6262984871864319,0.7264797687530518
43,17648,28834,2,2,0.6689064502716064,0.5769489407539368,0.6646571159362793,0.0042493343353271484,0.09195750951766968,1,1,1.0,2,28834,0.6689064502716064,2,0.6689064502716064,1,1,0.46809399127960205,0.5845310091972351
44,13442,199,1,1,0.6082100868225098,0.5971510410308838,0.7578631639480591,-0.14965307712554932,0.011059045791625977,4,0,0.25,1,32808,0.7578631639480591,2,0.649909496307373,0,0,0.6402608156204224,0.8084849119186401
45,7910,21952,1,1,0.602149486541748,0.5568279027938843,0.6627289056777954,-0.06057941913604736,0.04532158374786377,2,0,0.5,8,42267,0.6627289056777954,3,0.5394333600997925,0,0,0.5730785131454468,0.7311115264892578
46,3269,48354,1,1,0.6276459693908691,0.5648471713066101,0.82373046875,-0.19608449935913086,0.06279879808425903,4,0,0.25,6,5755,0.82373046875,3,0.6550512909889221,0,0,0.5650030970573425,0.710833728313446
47,9993,5783,1,1,0.7545273900032043,0.5995398163795471,0.6702209711074829,0.08430641889572144,0.15498757362365723,1,1,1.0,3,5783,0.7545273900032043,3,0.7545273900032043,1,1,0.5494872331619263,0.6604361534118652
48,17200,35967,2,2,0.6432305574417114,0.6560595631599426,0.7292211055755615,-0.0859905481338501,-0.012829005718231201,6,0,0.16666666666666666,9,47239,0.7292211055755615,1,0.6432305574417114,0,1,0.5200244784355164,0.7178586721420288
49,8102,27210,1,1,0.6155509352684021,0.6082014441490173,0.8535165786743164,-0.2379656434059143,0.007349491119384766,4,0,0.25,6,10572,0.8535165786743164,1,0.6155509352684021,0,1,0.6505969166755676,0.7973405122756958
50,9320,44675,1,1,0.7117809653282166,0.6047671437263489,0.7081692218780518,0.003611743450164795,0.10701382160186768,1,1,1.0,6,44675,0.7117809653282166,9,0.6768331527709961,0,0,0.6310814023017883,0.7728554010391235
51,5173,12821,1,1,0.5029329061508179,0.5500679016113281,0.6819759607315063,-0.17904305458068848,-0.047134995460510254,6,0,0.16666666666666666,0,26913,0.6819759607315063,2,0.5596320033073425,0,0,0.5557267665863037,0.6632405519485474
52,18178,17552,1,1,0.6128976345062256,0.5790624022483826,0.7231758832931519,-0.11027824878692627,0.03383523225784302,4,0,0.25,3,35141,0.7231758832931519,1,0.5368909239768982,0,0,0.6923745274543762,0.8726646900177002
53,18739,8562,2,2,0.6150563955307007,0.6413127779960632,0.7166028618812561,-0.10154646635055542,-0.02625638246536255,8,0,0.125,9,22320,0.7166028618812561,1,0.6308785676956177,0,0,0.5077891945838928,0.5564989447593689
54,2557,21834,2,2,0.7755215167999268,0.6928396224975586,0.7992795705795288,-0.02375805377960205,0.08268189430236816,3,0,0.3333333333333333,1,38425,0.7992795705795288,8,0.7755215167999268,0,1,0.6215852499008179,0.7234179973602295
55,15923,22679,2,2,0.7494677305221558,0.6664977669715881,0.7711010575294495,-0.0216333270072937,0.08296996355056763,2,0,0.5,3,38547,0.7711010575294495,7,0.7494677305221558,0,1,0.6560885906219482,0.6898775100708008
56,15919,33259,1,1,0.6568616628646851,0.5572795271873474,0.6621840000152588,-0.0053223371505737305,0.09958213567733765,2,0,0.5,5,2089,0.6621840000152588,1,0.6568616628646851,0,1,0.6081920266151428,0.7214921712875366
57,13155,601,2,2,0.0,0.6446284055709839,0.7537472248077393,-0.7537472248077393,-0.6446284055709839,10,0,0.1,2,29174,0.7537472248077393,1,0.0,0,1,0.0,0.0
58,13143,38780,1,1,0.4572718143463135,0.5441427230834961,0.6614951491355896,-0.20422333478927612,-0.08687090873718262,8,0,0.125,9,38614,0.6614951491355896,4,0.4954669177532196,0,0,0.5162819623947144,0.6512447595596313
59,13119,24709,2,2,0.5958024263381958,0.6262695789337158,0.6718260049819946,-0.07602357864379883,-0.03046715259552002,8,0,0.125,1,37191,0.6718260049819946,0,0.5771121978759766,0,0,0.5763046741485596,0.7858165502548218
60,10261,380,2,2,0.6926862001419067,0.6557075381278992,0.73976069688797,-0.04707449674606323,0.03697866201400757,6,0,0.16666666666666666,5,21570,0.73976069688797,6,0.6953507661819458,0,0,0.5925881862640381,0.7649110555648804
61,3699,42560,1,1,0.6122201681137085,0.614447295665741,0.6973669528961182,-0.08514678478240967,-0.0022271275520324707,7,0,0.14285714285714285,7,45390,0.6973669528961182,3,0.6717087030410767,0,0,0.5815224647521973,0.7746306657791138
62,49,40631,1,1,0.5938973426818848,0.54868483543396,0.6094135642051697,-0.015516221523284912,0.045212507247924805,2,0,0.5,6,38385,0.6094135642051697,1,0.5938973426818848,0,1,0.5619356632232666,0.6461338400840759
63,1482,21662,2,2,0.5418798923492432,0.6304357051849365,0.7320606708526611,-0.19018077850341797,-0.08855581283569336,10,0,0.1,1,39994,0.7320606708526611,0,0.6099520921707153,0,0,0.5513136982917786,0.6213467121124268
64,7429,20313,2,2,0.549839973449707,0.5980992317199707,0.6799704432487488,-0.13013046979904175,-0.04825925827026367,9,0,0.1111111111111111,6,7255,0.6799704432487488,0,0.5718845725059509,0,0,0.5183231830596924,0.594860315322876
65,19048,2366,1,1,0.6750397086143494,0.5715877413749695,0.6648673415184021,0.010172367095947266,0.10345196723937988,1,1,1.0,6,2366,0.6750397086143494,5,0.6394277215003967,0,0,0.5631712079048157,0.6166736483573914
66,5453,6880,2,2,0.7601001858711243,0.5995776653289795,0.6566245555877686,0.10347563028335571,0.16052252054214478,1,1,1.0,4,6880,0.7601001858711243,4,0.7601001858711243,1,1,0.583589494228363,0.6900075078010559
67,6102,14318,2,2,0.5162594318389893,0.6238386631011963,0.7583118677139282,-0.24205243587493896,-0.10757923126220703,9,0,0.1111111111111111,0,32152,0.7583118677139282,0,0.7583118677139282,1,0,0.47189658880233765,0.6185166835784912
68,16273,10818,2,2,0.68538498878479,0.5749776363372803,0.7102874517440796,-0.02490246295928955,0.11040735244750977,2,0,0.5,1,6584,0.7102874517440796,5,0.6712088584899902,0,0,0.5423076748847961,0.691207766532898
69,3030,7903,1,1,0.5479841232299805,0.6075424551963806,0.7585105299949646,-0.21052640676498413,-0.059558331966400146,6,0,0.16666666666666666,2,43893,0.7585105299949646,5,0.5696542263031006,0,0,0.617359459400177,0.8424099087715149
70,17473,8525,1,1,0.6908243298530579,0.5224885940551758,0.7529388070106506,-0.06211447715759277,0.16833573579788208,2,0,0.5,5,34240,0.7529388070106506,9,0.21547482907772064,0,0,0.5681100487709045,0.8460584878921509
71,9253,12567,2,2,0.7011247873306274,0.6069011092185974,0.7041158080101013,-0.002991020679473877,0.09422367811203003,2,0,0.5,2,39172,0.7041158080101013,3,0.5962902307510376,0,0,0.537471354007721,0.5865054130554199
72,13299,5285,1,1,0.6056383848190308,0.6092379093170166,0.8499187231063843,-0.24428033828735352,-0.00359952449798584,4,0,0.25,7,1898,0.8499187231063843,0,0.6056383848190308,0,1,0.6001587510108948,0.7179746627807617
73,19083,29821,2,2,0.5118799209594727,0.6125487685203552,0.7274742126464844,-0.21559429168701172,-0.10066884756088257,9,0,0.1111111111111111,5,36398,0.7274742126464844,0,0.690675675868988,0,0,0.4500690996646881,0.4978909492492676
74,15999,38340,1,1,0.5781793594360352,0.6471291780471802,0.7419648170471191,-0.16378545761108398,-0.06894981861114502,8,0,0.125,3,18547,0.7419648170471191,6,0.6279584765434265,0,0,0.5813756585121155,0.7257310152053833
75,2278,30171,1,1,0.7195026874542236,0.5540753602981567,0.6771225929260254,0.04238009452819824,0.1654273271560669,1,1,1.0,6,30171,0.7195026874542236,6,0.7195026874542236,1,1,0.5326973795890808,0.678148627281189
76,15863,27373,1,1,0.6631772518157959,0.5747647881507874,0.6943151950836182,-0.031137943267822266,0.08841246366500854,2,0,0.5,2,21234,0.6943151950836182,1,0.6631772518157959,0,1,0.6053209900856018,0.697562575340271
77,3617,23136,1,1,0.6990073919296265,0.6028344631195068,0.8380386829376221,-0.1390312910079956,0.09617292881011963,2,0,0.5,0,34531,0.8380386829376221,2,0.6422317028045654,0,0,0.5425359606742859,0.6855952143669128
78,13297,36482,1,1,0.5404345989227295,0.5104519724845886,0.60980623960495,-0.06937164068222046,0.02998262643814087,4,0,0.25,9,2933,0.60980623960495,1,0.46656107902526855,0,0,0.5453831553459167,0.6089153289794922
79,9779,39936,1,1,0.5895177125930786,0.5085351467132568,0.5724879503250122,0.017029762268066406,0.08098256587982178,1,1,1.0,5,39936,0.5895177125930786,5,0.5895177125930786,1,1,0.5503474473953247,0.6212788820266724
80,17051,12653,1,1,0.6549817323684692,0.586037278175354,0.7131516933441162,-0.05816996097564697,0.06894445419311523,3,0,0.3333333333333333,2,3735,0.7131516933441162,7,0.6630738973617554,0,0,0.5789735317230225,0.7563620805740356
81,10933,39546,2,2,0.6775004267692566,0.5645112991333008,0.7171633839607239,-0.039662957191467285,0.11298912763595581,2,0,0.5,0,16164,0.7171633839607239,9,0.6775004267692566,0,1,0.5362622141838074,0.7140277624130249
82,17399,34786,1,1,0.5832120776176453,0.62758868932724,0.6942225694656372,-0.11101049184799194,-0.04437661170959473,9,0,0.1111111111111111,2,40150,0.6942225694656372,2,0.6942225694656372,1,0,0.5344597101211548,0.7612404227256775
83,13340,10005,2,2,0.5196280479431152,0.6806516647338867,0.8068578243255615,-0.2872297763824463,-0.16102361679077148,10,0,0.1,2,21226,0.8068578243255615,3,0.649146556854248,0,0,0.4982775151729584,0.5891575217247009
84,13179,24861,1,1,0.5191936492919922,0.580751359462738,0.6437945365905762,-0.12460088729858398,-0.06155771017074585,7,0,0.14285714285714285,6,41354,0.6437945365905762,8,0.6185430884361267,0,0,0.5342991352081299,0.6217217445373535
85,14269,26865,2,2,0.6786168813705444,0.6537445187568665,0.7588198184967041,-0.08020293712615967,0.02487236261367798,6,0,0.16666666666666666,2,20207,0.7588198184967041,2,0.7588198184967041,1,0,0.5830551385879517,0.7359572649002075
86,8710,47741,2,2,0.6432328224182129,0.6265653371810913,0.7175341844558716,-0.07430136203765869,0.016667485237121582,4,0,0.25,7,47990,0.7175341844558716,4,0.6432328224182129,0,1,0.6368825435638428,0.7850043177604675
87,9604,11729,1,1,0.37225472927093506,0.5652196407318115,0.6932243704795837,-0.3209696412086487,-0.19296491146087646,10,0,0.1,8,27728,0.6932243704795837,2,0.48846593499183655,0,0,0.3659726083278656,0.6138050556182861
88,2676,46005,2,2,0.7157672047615051,0.6723328828811646,0.7670038938522339,-0.05123668909072876,0.043434321880340576,5,0,0.2,2,18769,0.7670038938522339,0,0.7157672047615051,0,1,0.6372606754302979,0.8141410946846008
89,10154,23841,2,2,0.6467772722244263,0.5587037205696106,0.6142985820770264,0.0324786901473999,0.08807355165481567,1,1,1.0,6,23841,0.6467772722244263,9,0.5511412024497986,0,0,0.5983160734176636,0.6701604127883911
90,14418,2481,2,2,0.5226584672927856,0.6780998110771179,0.7476893663406372,-0.22503089904785156,-0.15544134378433228,10,0,0.1,4,1269,0.7476893663406372,4,0.7476893663406372,1,0,0.44500553607940674,0.5106374025344849
91,3129,14503,2,2,0.6974595189094543,0.6366138458251953,0.7414922714233398,-0.0440327525138855,0.06084567308425903,3,0,0.3333333333333333,7,5579,0.7414922714233398,0,0.7310807108879089,0,0,0.6108294129371643,0.7356966733932495
92,19712,2746,2,2,0.6762052774429321,0.6791309714317322,0.755408763885498,-0.07920348644256592,-0.002925693988800049,6,0,0.16666666666666666,7,36166,0.755408763885498,8,0.720514178276062,0,0,0.5613259673118591,0.6684850454330444
93,2196,30926,1,1,0.3162406086921692,0.3253740668296814,0.4967210590839386,-0.1804804503917694,-0.009133458137512207,4,0,0.25,2,7694,0.4967210590839386,7,0.3162406086921692,0,1,0.4323691129684448,0.5332664251327515
94,14609,43807,1,1,0.575439989566803,0.6340339183807373,0.7301262617111206,-0.15468627214431763,-0.058593928813934326,9,0,0.1111111111111111,6,23076,0.7301262617111206,1,0.575439989566803,0,1,0.6197476983070374,0.6669014692306519
95,2143,40950,1,1,0.4679279029369354,0.49815595149993896,0.5834838151931763,-0.11555591225624084,-0.03022804856300354,7,0,0.14285714285714285,1,33577,0.5834838151931763,2,0.5744030475616455,0,0,0.5633603930473328,0.6590147018432617
96,16364,36789,1,1,0.639091432094574,0.5723696947097778,0.8474833965301514,-0.2083919644355774,0.06672173738479614,4,0,0.25,9,5062,0.8474833965301514,1,0.3082157373428345,0,0,0.5730249881744385,0.7310121059417725
97,6167,46775,2,2,0.6767482161521912,0.6142681837081909,0.6921225786209106,-0.015374362468719482,0.062480032444000244,3,0,0.3333333333333333,7,16678,0.6921225786209106,2,0.6088796854019165,0,0,0.5641232132911682,0.7593067288398743
98,2599,32252,2,2,0.7268637418746948,0.6374598145484924,0.7680224776268005,-0.04115873575210571,0.08940392732620239,2,0,0.5,0,42277,0.7680224776268005,4,0.6206876039505005,0,0,0.5606536269187927,0.6997904777526855
99,19753,11721,2,2,0.7332406640052795,0.5851297974586487,0.6820215582847595,0.05121910572052002,0.14811086654663086,1,1,1.0,1,11721,0.7332406640052795,1,0.7332406640052795,1,1,0.5326002240180969,0.6261656284332275
100,7711,21834,2,2,0.753512978553772,0.661163330078125,0.7303645014762878,0.02314847707748413,0.09234964847564697,1,1,1.0,4,21834,0.753512978553772,8,0.6109433770179749,0,0,0.6563336849212646,0.8236338496208191
101,12394,6314,2,2,0.6694406867027283,0.6007249355316162,0.7244155406951904,-0.05497485399246216,0.06871575117111206,4,0,0.25,0,22174,0.7244155406951904,2,0.6694406867027283,0,1,0.5004855990409851,0.6548812985420227
102,14110,2604,1,1,0.6414483189582825,0.5352062582969666,0.6804196238517761,-0.03897130489349365,0.10624206066131592,2,0,0.5,4,25837,0.6804196238517761,7,0.6414483189582825,0,1,0.593891978263855,0.6736021041870117
103,9490,43075,2,2,0.6854299306869507,0.654697835445404,0.7455611824989319,-0.0601312518119812,0.03073209524154663,4,0,0.25,7,6874,0.7455611824989319,8,0.6854299306869507,0,1,0.5845153331756592,0.680007815361023
104,8456,43400,1,1,0.5463261604309082,0.6215860843658447,0.7307855486869812,-0.184459388256073,-0.07525992393493652,8,0,0.125,3,23988,0.7307855486869812,6,0.536664605140686,0,0,0.5402137041091919,0.5918078422546387
105,18449,39305,2,2,0.6479862332344055,0.6805577874183655,0.7530670762062073,-0.10508084297180176,-0.03257155418395996,9,0,0.1111111111111111,6,6031,0.7530670762062073,3,0.6725577116012573,0,0,0.6282942295074463,0.7277040481567383
106,14227,38315,1,1,0.34348440170288086,0.41058260202407837,0.4585615396499634,-0.11507713794708252,-0.06709820032119751,9,0,0.1111111111111111,7,45754,0.4585615396499634,1,0.34348440170288086,0,1,0.5574029088020325,0.6411787271499634
107,10502,16438,1,1,0.6618421673774719,0.6436051726341248,0.8533570766448975,-0.19151490926742554,0.018236994743347168,4,0,0.25,1,43816,0.8533570766448975,1,0.8533570766448975,1,0,0.6248226761817932,0.8555750846862793
108,19105,16646,1,1,0.42609378695487976,0.3773956894874573,0.5190329551696777,-0.09293916821479797,0.048698097467422485,2,0,0.5,5,30109,0.5190329551696777,0,0.39123889803886414,0,0,0.5629181861877441,0.7738690376281738
109,11776,45251,2,2,0.5689224600791931,0.692025363445282,0.8416078090667725,-0.27268534898757935,-0.12310290336608887,10,0,0.1,4,41644,0.8416078090667725,2,0.5689224600791931,0,1,0.5508744716644287,0.6924681067466736
110,5815,37792,2,2,0.6110016107559204,0.6119451522827148,0.8228198289871216,-0.21181821823120117,-0.0009435415267944336,4,0,0.25,6,23130,0.8228198289871216,0,0.5330120325088501,0,0,0.5769463181495667,0.6476212739944458
111,13585,36961,1,1,0.7509273290634155,0.6146395206451416,0.7806930541992188,-0.029765725135803223,0.13628780841827393,2,0,0.5,6,24763,0.7806930541992188,5,0.6069592833518982,0,0,0.5822718143463135,0.7860425710678101
112,1835,20862,1,1,0.5794203877449036,0.5884338021278381,0.7403275966644287,-0.16090720891952515,-0.00901341438293457,4,0,0.25,9,3891,0.7403275966644287,6,0.5737389922142029,0,0,0.5971891283988953,0.6938067674636841
113,11555,10263,1,1,0.5020798444747925,0.5860388278961182,0.6897678375244141,-0.18768799304962158,-0.08395898342132568,9,0,0.1111111111111111,9,40816,0.6897678375244141,0,0.5471861362457275,0,0,0.5242519974708557,0.6446763277053833
114,10066,15137,1,1,0.5416120290756226,0.5774351358413696,0.6920445561408997,-0.1504325270652771,-0.03582310676574707,7,0,0.14285714285714285,1,16720,0.6920445561408997,9,0.5874255895614624,0,0,0.5916321277618408,0.6750074625015259
115,13559,28733,2,2,0.7074621915817261,0.6548570990562439,0.7494492530822754,-0.041987061500549316,0.05260509252548218,4,0,0.25,7,8369,0.7494492530822754,9,0.655748724937439,0,0,0.5964603424072266,0.7522851228713989
116,16824,27240,1,1,0.5372667908668518,0.5754431486129761,0.8530442118644714,-0.31577742099761963,-0.03817635774612427,8,0,0.125,9,13435,0.8530442118644714,3,0.5413777828216553,0,0,0.519940972328186,0.6422806978225708
117,15318,26056,2,2,0.715574324131012,0.6958127617835999,0.8015411496162415,-0.08596682548522949,0.01976156234741211,3,0,0.3333333333333333,0,33674,0.8015411496162415,2,0.715574324131012,0,1,0.6339899301528931,0.7521439790725708
118,13098,18110,1,1,0.6806821227073669,0.5715919137001038,0.6671121120452881,0.013570010662078857,0.10909020900726318,1,1,1.0,3,18110,0.6806821227073669,3,0.6806821227073669,1,1,0.562882661819458,0.5990608930587769
119,15564,32174,2,2,0.7398446798324585,0.6608105897903442,0.7888345718383789,-0.04898989200592041,0.07903409004211426,3,0,0.3333333333333333,9,28927,0.7888345718383789,2,0.5503323078155518,0,0,0.6259933114051819,0.824171781539917
120,5429,46879,2,2,0.5451244115829468,0.623829185962677,0.7342575192451477,-0.18913310766220093,-0.07870477437973022,9,0,0.1111111111111111,8,25180,0.7342575192451477,2,0.6258430480957031,0,0,0.47535890340805054,0.5786787271499634
121,16549,13597,1,1,0.6362433433532715,0.6176774501800537,0.7644479870796204,-0.12820464372634888,0.018565893173217773,4,0,0.25,9,39314,0.7644479870796204,0,0.6567491888999939,0,0,0.555900514125824,0.6403127908706665
122,17016,8416,1,1,0.706855297088623,0.5982686281204224,0.7885904312133789,-0.08173513412475586,0.10858666896820068,3,0,0.3333333333333333,5,15593,0.7885904312133789,0,0.706855297088623,0,1,0.5444690585136414,0.695224404335022
123,3611,2038,1,1,0.34344106912612915,0.319515585899353,0.37982624769210815,-0.036385178565979004,0.023925483226776123,4,0,0.25,8,28941,0.37982624769210815,3,0.25766897201538086,0,0,0.6269338130950928,0.7921286225318909
124,14238,37931,2,2,0.7325433492660522,0.6555935740470886,0.7110258340835571,0.021517515182495117,0.07694977521896362,1,1,1.0,8,37931,0.7325433492660522,2,0.6624860763549805,0,0,0.7105778455734253,0.8506331443786621
125,1665,13718,1,1,0.5491578578948975,0.5498818159103394,0.6724375486373901,-0.12327969074249268,-0.0007239580154418945,6,0,0.16666666666666666,2,38301,0.6724375486373901,4,0.5043611526489258,0,0,0.650054395198822,0.7280461192131042
126,9630,1377,1,1,0.2509804368019104,0.4990292191505432,0.5801426768302917,-0.32916224002838135,-0.2480487823486328,10,0,0.1,0,43784,0.5801426768302917,0,0.5801426768302917,1,0,0.2977413833141327,0.43615442514419556
127,19961,90,1,1,0.56020188331604,0.5496799945831299,0.6945931911468506,-0.13439130783081055,0.010521888732910156,5,0,0.2,8,12585,0.6945931911468506,5,0.42237263917922974,0,0,0.6275253295898438,0.7879087924957275
128,10188,10048,1,1,0.4232247471809387,0.5288152694702148,0.6508533954620361,-0.2276286482810974,-0.10559052228927612,9,0,0.1111111111111111,7,12320,0.6508533954620361,3,0.4232247471809387,0,1,0.5288208723068237,0.6718447208404541
129,9504,29802,2,2,0.7798195481300354,0.5933853983879089,0.7330984473228455,0.04672110080718994,0.18643414974212646,1,1,1.0,5,29802,0.7798195481300354,5,0.7798195481300354,1,1,0.6139451265335083,0.7918528318405151
130,1292,12439,2,2,0.6439415216445923,0.6413629055023193,0.7446815967559814,-0.10074007511138916,0.0025786161422729492,6,0,0.16666666666666666,3,44823,0.7446815967559814,4,0.6439415216445923,0,1,0.5515458583831787,0.6270557641983032
131,7095,44163,1,1,0.6013073921203613,0.5803985595703125,0.799843966960907,-0.19853657484054565,0.020908832550048828,4,0,0.25,9,48582,0.799843966960907,8,0.6013073921203613,0,1,0.6630401015281677,0.7919882535934448
132,16768,44992,2,2,0.6960172653198242,0.6474936008453369,0.7191914916038513,-0.0231742262840271,0.048523664474487305,2,0,0.5,2,9694,0.7191914916038513,2,0.7191914916038513,1,0,0.5575248003005981,0.6550208330154419
133,906,2429,2,2,0.5996383428573608,0.6994011998176575,0.8042089939117432,-0.20457065105438232,-0.09976285696029663,9,0,0.1111111111111111,9,26199,0.8042089939117432,8,0.5646477937698364,0,0,0.5552884340286255,0.6500339508056641
134,15060,30993,1,1,0.504700779914856,0.46502092480659485,0.5391824245452881,-0.03448164463043213,0.03967985510826111,3,0,0.3333333333333333,4,10978,0.5391824245452881,2,0.44550132751464844,0,0,0.48227351903915405,0.6054109334945679
135,209,8315,1,1,0.5717801451683044,0.59253990650177,0.6533032655715942,-0.0815231204032898,-0.020759761333465576,7,0,0.14285714285714285,0,21631,0.6533032655715942,1,0.6224435567855835,0,0,0.6219701170921326,0.7876495122909546
136,2733,34452,1,1,0.5680968761444092,0.5524451732635498,0.599855899810791,-0.031759023666381836,0.015651702880859375,5,0,0.2,6,6272,0.599855899810791,1,0.5662661790847778,0,0,0.590088963508606,0.6512844562530518
137,2677,42341,2,2,0.6582067608833313,0.6313369870185852,0.7225645780563354,-0.06435781717300415,0.026869773864746094,5,0,0.2,0,16685,0.7225645780563354,1,0.6582067608833313,0,1,0.5882337093353271,0.7043166160583496
138,15189,32287,2,2,0.5566622614860535,0.6610724329948425,0.7469335794448853,-0.1902713179588318,-0.10441017150878906,9,0,0.1111111111111111,9,28906,0.7469335794448853,8,0.7290010452270508,0,0,0.4663652777671814,0.5133006572723389
139,6708,6160,1,1,0.36473485827445984,0.5224545001983643,0.5825089812278748,-0.21777412295341492,-0.15771964192390442,10,0,0.1,2,28251,0.5825089812278748,9,0.5653483867645264,0,0,0.40056097507476807,0.4954386353492737
140,8705,28805,1,1,0.6396321654319763,0.5249192118644714,0.5690759420394897,0.07055622339248657,0.11471295356750488,1,1,1.0,2,28805,0.6396321654319763,2,0.6396321654319763,1,1,0.5278772711753845,0.6612362861633301
141,15231,48450,2,2,0.6680854558944702,0.5596186518669128,0.7067315578460693,-0.03864610195159912,0.10846680402755737,5,0,0.2,6,43178,0.7067315578460693,1,0.6739454865455627,0,0,0.5795052647590637,0.7700358629226685
142,4399,13301,1,1,0.6889563798904419,0.5858646035194397,0.7076766490936279,-0.018720269203186035,0.1030917763710022,2,0,0.5,0,45080,0.7076766490936279,2,0.3959241509437561,0,0,0.6485915780067444,0.8106761574745178
143,18741,36621,2,2,0.7381575107574463,0.5923929214477539,0.6525191068649292,0.08563840389251709,0.14576458930969238,1,1,1.0,8,36621,0.7381575107574463,8,0.7381575107574463,1,1,0.49006387591362,0.5533117055892944
144,14423,17570,2,2,0.6654624938964844,0.6192358732223511,0.7279129028320312,-0.062450408935546875,0.0462266206741333,3,0,0.3333333333333333,5,25585,0.7279129028320312,3,0.5598078370094299,0,0,0.5368433594703674,0.663640022277832
145,10137,13301,1,1,0.769500732421875,0.6407687664031982,0.7157408595085144,0.053759872913360596,0.12873196601867676,1,1,1.0,2,13301,0.769500732421875,0,0.7053823471069336,0,0,0.7196609973907471,0.8824131488800049
146,4168,44695,2,2,0.5892763137817383,0.584486722946167,0.7410922646522522,-0.15181595087051392,0.004789590835571289,5,0,0.2,7,45677,0.7410922646522522,0,0.5619221925735474,0,0,0.5262442827224731,0.595939576625824
147,9957,47327,2,2,0.6325917840003967,0.5858795642852783,0.6831530332565308,-0.05056124925613403,0.04671221971511841,2,0,0.5,0,45231,0.6831530332565308,6,0.5592566728591919,0,0,0.6631131172180176,0.8098083734512329
148,12066,11107,2,2,0.6923501491546631,0.6293556094169617,0.7393120527267456,-0.04696190357208252,0.06299453973770142,2,0,0.5,5,46848,0.7393120527267456,3,0.5999773740768433,0,0,0.5886046886444092,0.7958587408065796
149,17327,7191,1,1,0.6217783689498901,0.6252424716949463,0.6842564344406128,-0.062478065490722656,-0.0034641027450561523,8,0,0.125,1,21903,0.6842564344406128,1,0.6842564344406128,1,0,0.5510343313217163,0.7658289670944214
150,9594,9677,1,1,0.5197498798370361,0.5582628846168518,0.7029733657836914,-0.18322348594665527,-0.038513004779815674,8,0,0.125,5,38694,0.7029733657836914,0,0.599859356880188,0,0,0.4847806394100189,0.7037203311920166
151,11060,24796,2,2,0.5387225151062012,0.5417410731315613,0.6309325695037842,-0.09221005439758301,-0.0030185580253601074,6,0,0.16666666666666666,8,31622,0.6309325695037842,2,0.44986996054649353,0,0,0.5189210772514343,0.6519948840141296
152,18316,8126,2,2,0.6089275479316711,0.6331444382667542,0.7616785764694214,-0.15275102853775024,-0.024216890335083008,6,0,0.16666666666666666,0,22932,0.7616785764694214,6,0.6089275479316711,0,1,0.5691705346107483,0.6370029449462891
153,12722,38305,2,2,0.648389995098114,0.6976478099822998,0.8084325194358826,-0.16004252433776855,-0.04925781488418579,7,0,0.14285714285714285,9,14096,0.8084325194358826,7,0.648389995098114,0,1,0.6196649670600891,0.6993700265884399
154,15033,27069,2,2,0.7427777647972107,0.6742303967475891,0.7727057933807373,-0.02992802858352661,0.06854736804962158,3,0,0.3333333333333333,2,21599,0.7727057933807373,1,0.6711865663528442,0,0,0.6306722164154053,0.7369616031646729
155,16553,7665,2,2,0.6760603189468384,0.6893517971038818,0.772493839263916,-0.09643352031707764,-0.013291478157043457,7,0,0.14285714285714285,6,13672,0.772493839263916,1,0.5537861585617065,0,0,0.551255464553833,0.6508073806762695
156,8600,26876,1,1,0.49882763624191284,0.5802745223045349,0.7019022703170776,-0.2030746340751648,-0.08144688606262207,9,0,0.1111111111111111,4,34779,0.7019022703170776,9,0.6296216249465942,0,0,0.5657081604003906,0.7126903533935547
157,14603,44373,2,2,0.628831148147583,0.6039945483207703,0.690411388874054,-0.06158024072647095,0.024836599826812744,3,0,0.3333333333333333,3,18759,0.690411388874054,2,0.6271248459815979,0,0,0.5836694836616516,0.6616968512535095
158,3940,29225,1,1,0.6531811952590942,0.5578011274337769,0.6661897301673889,-0.013008534908294678,0.09538006782531738,2,0,0.5,3,2196,0.6661897301673889,1,0.6531811952590942,0,1,0.6609480381011963,0.8137133717536926
159,49,46432,1,1,0.5448288917541504,0.54868483543396,0.6094135642051697,-0.06458467245101929,-0.0038559436798095703,7,0,0.14285714285714285,6,38385,0.6094135642051697,1,0.5448288917541504,0,1,0.5632666349411011,0.7255221009254456
160,7780,4897,2,2,0.5016851425170898,0.6224033832550049,0.7120287418365479,-0.210343599319458,-0.12071824073791504,9,0,0.1111111111111111,7,33554,0.7120287418365479,3,0.5016851425170898,0,1,0.38160309195518494,0.4333224594593048
161,10177,43792,2,2,0.6293213367462158,0.5769478678703308,0.68719083070755,-0.05786949396133423,0.05237346887588501,5,0,0.2,3,26687,0.68719083070755,0,0.6293213367462158,0,1,0.5723821520805359,0.6856810450553894
162,19553,11196,2,2,0.6301149129867554,0.5849884748458862,0.6576298475265503,-0.027514934539794922,0.04512643814086914,3,0,0.3333333333333333,9,2450,0.6576298475265503,4,0.5621278882026672,0,0,0.5229895114898682,0.5929096937179565
163,9333,1139,1,1,0.4899173080921173,0.46531403064727783,0.7732939124107361,-0.2833766043186188,0.024603277444839478,2,0,0.5,9,44889,0.7732939124107361,2,0.4899173080921173,0,1,0.5103306770324707,0.6293472647666931
164,5385,7662,2,2,0.6868730783462524,0.6894996166229248,0.8163011074066162,-0.12942802906036377,-0.0026265382766723633,5,0,0.2,4,33322,0.8163011074066162,1,0.7197144031524658,0,0,0.6486192345619202,0.7862837314605713
165,1332,45051,2,2,0.5050157904624939,0.6296655535697937,0.8030795454978943,-0.2980637550354004,-0.1246497631072998,9,0,0.1111111111111111,9,32791,0.8030795454978943,1,0.7153240442276001,0,0,0.5005207657814026,0.5968393087387085
166,18243,27120,2,2,0.7479934692382812,0.6277049779891968,0.8259705305099487,-0.07797706127166748,0.12028849124908447,3,0,0.3333333333333333,8,12963,0.8259705305099487,2,0.6501843929290771,0,0,0.5339575409889221,0.6724298000335693
167,16651,18338,1,1,0.5650058388710022,0.47346231341362,0.5578898787498474,0.007115960121154785,0.0915435254573822,1,1,1.0,6,18338,0.5650058388710022,2,0.43971800804138184,0,0,0.5571909546852112,0.8091198205947876
168,3204,36038,2,2,0.5680696368217468,0.6933411955833435,0.781256914138794,-0.21318727731704712,-0.12527155876159668,10,0,0.1,8,39671,0.781256914138794,1,0.7548298239707947,0,0,0.4633472263813019,0.6238528490066528
169,7247,30571,1,1,0.5760923027992249,0.5780017971992493,0.8870910406112671,-0.31099873781204224,-0.001909494400024414,3,0,0.3333333333333333,4,34175,0.8870910406112671,2,0.5239643454551697,0,0,0.64443039894104,0.8021998405456543
170,15094,7749,2,2,0.6202735900878906,0.6694002151489258,0.7163304090499878,-0.09605681896209717,-0.049126625061035156,9,0,0.1111111111111111,6,37831,0.7163304090499878,4,0.6963295936584473,0,0,0.5780273079872131,0.6827220916748047
171,10901,28493,1,1,0.6101069450378418,0.5713979601860046,0.6550747752189636,-0.044967830181121826,0.03870898485183716,3,0,0.3333333333333333,9,8248,0.6550747752189636,2,0.6101069450378418,0,1,0.5719262957572937,0.7067278623580933
172,14478,10973,1,1,0.5872714519500732,0.556646466255188,0.6191146969795227,-0.03184324502944946,0.030624985694885254,4,0,0.25,3,9296,0.6191146969795227,3,0.6191146969795227,1,0,0.6299213767051697,0.8323541879653931
173,3725,5514,2,2,0.6959576606750488,0.7099238038063049,0.7723599076271057,-0.07640224695205688,-0.013966143131256104,7,0,0.14285714285714285,8,47771,0.7723599076271057,9,0.741173267364502,0,0,0.6681581139564514,0.851777195930481
174,18229,39459,2,2,0.6801841855049133,0.6143008470535278,0.650905966758728,0.029278218746185303,0.0658833384513855,1,1,1.0,9,39459,0.6801841855049133,9,0.6801841855049133,1,1,0.49640506505966187,0.6497948169708252
175,630,38643,2,2,0.564518392086029,0.6323609352111816,0.7556264996528625,-0.1911081075668335,-0.06784254312515259,9,0,0.1111111111111111,1,36474,0.7556264996528625,4,0.564518392086029,0,1,0.5395036935806274,0.6568090915679932
176,1403,18615,2,2,0.7336896061897278,0.6413536667823792,0.7274464964866638,0.006243109703063965,0.09233593940734863,1,1,1.0,4,18615,0.7336896061897278,4,0.7336896061897278,1,1,0.6314697265625,0.795624315738678
177,18398,31246,2,2,0.5250295400619507,0.6724700927734375,0.7846553921699524,-0.2596258521080017,-0.14744055271148682,10,0,0.1,2,29002,0.7846553921699524,5,0.6151379346847534,0,0,0.4843258261680603,0.7197064161300659
178,7247,3257,1,1,0.6394638419151306,0.5780017971992493,0.8870910406112671,-0.24762719869613647,0.06146204471588135,2,0,0.5,4,34175,0.8870910406112671,2,0.5239643454551697,0,0,0.5909762978553772,0.713804304599762
179,15916,26657,2,2,0.6675857305526733,0.6552450656890869,0.7528711557388306,-0.08528542518615723,0.012340664863586426,6,0,0.16666666666666666,4,31175,0.7528711557388306,1,0.6992544531822205,0,0,0.5342960953712463,0.6476945877075195
180,9231,3851,2,2,0.6238434910774231,0.6364391446113586,0.7421011924743652,-0.11825770139694214,-0.012595653533935547,6,0,0.16666666666666666,8,44908,0.7421011924743652,3,0.5953376293182373,0,0,0.48851215839385986,0.5223146677017212
181,3903,36597,2,2,0.721015989780426,0.7182621955871582,0.7686208486557007,-0.04760485887527466,0.0027537941932678223,7,0,0.14285714285714285,2,29293,0.7686208486557007,4,0.7484789490699768,0,0,0.6145464181900024,0.749057948589325
182,18695,18043,2,2,0.6199995875358582,0.6427574753761292,0.7670282125473022,-0.1470286250114441,-0.022757887840270996,8,0,0.125,0,9658,0.7670282125473022,1,0.69708251953125,0,0,0.5153009295463562,0.5949521064758301
183,15602,11462,2,2,0.6470129489898682,0.5687500834465027,0.6621510982513428,-0.01513814926147461,0.07826286554336548,2,0,0.5,1,26743,0.6621510982513428,0,0.5565321445465088,0,0,0.6823895573616028,0.8584123849868774
184,10947,22105,2,2,0.7161725759506226,0.6182689666748047,0.7081983685493469,0.007974207401275635,0.09790360927581787,1,1,1.0,7,22105,0.7161725759506226,5,0.6913707256317139,0,0,0.5471721887588501,0.7741512060165405
185,11216,2706,2,2,0.7395453453063965,0.6778044104576111,0.7841728329658508,-0.044627487659454346,0.0617409348487854,4,0,0.25,7,19536,0.7841728329658508,8,0.7609357833862305,0,0,0.6070082187652588,0.6714350581169128
186,14942,1339,2,2,0.63344407081604,0.5443741679191589,0.6468945145606995,-0.013450443744659424,0.0890699028968811,2,0,0.5,4,29180,0.6468945145606995,6,0.63344407081604,0,1,0.5517838001251221,0.7634143233299255
187,16738,13907,1,1,0.5465319752693176,0.6364335417747498,0.7610428333282471,-0.21451085805892944,-0.08990156650543213,9,0,0.1111111111111111,6,13500,0.7610428333282471,1,0.5465319752693176,0,1,0.47987639904022217,0.5407222509384155
188,1292,4517,2,2,0.5852953195571899,0.6413629055023193,0.7446815967559814,-0.1593862771987915,-0.056067585945129395,8,0,0.125,3,44823,0.7446815967559814,2,0.6639477610588074,0,0,0.4963925778865814,0.648690938949585
189,4981,28654,2,2,0.7108099460601807,0.6022043228149414,0.7035877704620361,0.007222175598144531,0.10860562324523926,1,1,1.0,6,28654,0.7108099460601807,0,0.5505975484848022,0,0,0.6022226810455322,0.7486487627029419
190,13114,22772,2,2,0.6759374737739563,0.6487123966217041,0.7338992357254028,-0.05796176195144653,0.027225077152252197,4,0,0.25,3,23878,0.7338992357254028,0,0.6759374737739563,0,1,0.5858664512634277,0.7232582569122314
191,7120,41466,2,2,0.56418776512146,0.6244508028030396,0.773212730884552,-0.20902496576309204,-0.06026303768157959,8,0,0.125,2,7974,0.773212730884552,1,0.56418776512146,0,1,0.529272198677063,0.7140166759490967
192,13314,7367,1,1,0.5529271364212036,0.5142215490341187,0.5470676422119141,0.005859494209289551,0.03870558738708496,1,1,1.0,6,7367,0.5529271364212036,2,0.4665123224258423,0,0,0.6277812123298645,0.7885081768035889
193,15833,3615,1,1,0.6815838813781738,0.638141393661499,0.7628338932991028,-0.08125001192092896,0.043442487716674805,3,0,0.3333333333333333,1,40820,0.7628338932991028,0,0.6348795890808105,0,0,0.628247857093811,0.8337403535842896
194,17574,46097,1,1,0.4472586512565613,0.6427088975906372,0.6875928044319153,-0.240334153175354,-0.19545024633407593,10,0,0.1,1,2844,0.6875928044319153,2,0.627364456653595,0,0,0.49447283148765564,0.5553310513496399
195,10287,38908,1,1,0.47419464588165283,0.5902103781700134,0.6828734278678894,-0.20867878198623657,-0.1160157322883606,9,0,0.1111111111111111,5,27029,0.6828734278678894,2,0.6144939661026001,0,0,0.5605994462966919,0.77532958984375
196,1905,45708,2,2,0.7275784015655518,0.6106535196304321,0.6733577251434326,0.05422067642211914,0.11692488193511963,1,1,1.0,4,45708,0.7275784015655518,2,0.6733577251434326,0,0,0.6107205152511597,0.7505139112472534
197,2204,4000,1,1,0.4312162399291992,0.47943079471588135,0.5817321538925171,-0.15051591396331787,-0.04821455478668213,8,0,0.125,7,25212,0.5817321538925171,9,0.4050503969192505,0,0,0.5059313774108887,0.6249653697013855
198,5545,38732,1,1,0.24639473855495453,0.22053605318069458,0.26544928550720215,-0.01905454695224762,0.02585868537425995,3,0,0.3333333333333333,6,39307,0.26544928550720215,4,0.23112478852272034,0,0,0.5896742939949036,0.666986882686615
199,18292,34565,2,2,0.5796051621437073,0.6244304776191711,0.8068389296531677,-0.22723376750946045,-0.04482531547546387,8,0,0.125,7,16560,0.8068389296531677,9,0.5911871194839478,0,0,0.5856723785400391,0.6848434209823608
200,9452,1753,2,2,0.6783232688903809,0.645670473575592,0.7501194477081299,-0.07179617881774902,0.03265279531478882,3,0,0.3333333333333333,7,12448,0.7501194477081299,0,0.6611314415931702,0,0,0.5754985213279724,0.6695128679275513
201,5639,46064,1,1,0.5290372967720032,0.4749704897403717,0.5348465442657471,-0.0058092474937438965,0.05406680703163147,2,0,0.5,4,14873,0.5348465442657471,5,0.5016034245491028,0,0,0.5825833082199097,0.7629700303077698
202,9539,13906,2,2,0.5214261412620544,0.683125376701355,0.785321831703186,-0.2638956904411316,-0.16169923543930054,10,0,0.1,8,1876,0.785321831703186,0,0.6738297939300537,0,0,0.4568878710269928,0.5575277805328369
203,11723,32878,1,1,0.5275348424911499,0.5320436954498291,0.5889154672622681,-0.061380624771118164,-0.004508852958679199,6,0,0.16666666666666666,2,12000,0.5889154672622681,3,0.4670540988445282,0,0,0.5049099922180176,0.5822149515151978
204,8372,27087,2,2,0.7081080079078674,0.6536076664924622,0.8164928555488586,-0.10838484764099121,0.05450034141540527,2,0,0.5,9,29946,0.8164928555488586,2,0.7081080079078674,0,1,0.6309255957603455,0.7554662227630615
205,12144,14788,2,2,0.6618538498878479,0.6354179978370667,0.7865108251571655,-0.12465697526931763,0.02643585205078125,5,0,0.2,6,28529,0.7865108251571655,2,0.6618538498878479,0,1,0.5876076221466064,0.7602190971374512
206,17347,13483,1,1,0.6790144443511963,0.6032561659812927,0.8070787191390991,-0.12806427478790283,0.07575827836990356,3,0,0.3333333333333333,7,16105,0.8070787191390991,3,0.516801118850708,0,0,0.6470701098442078,0.8170403838157654
207,19995,37008,1,1,0.5998495221138,0.5681193470954895,0.6492201089859009,-0.04937058687210083,0.03173017501831055,5,0,0.2,4,30637,0.6492201089859009,5,0.5998495221138,0,1,0.61260986328125,0.6900995373725891
208,9769,33185,2,2,0.44184911251068115,0.5482805967330933,0.6040045022964478,-0.1621553897857666,-0.10643148422241211,10,0,0.1,7,9457,0.6040045022964478,9,0.44184911251068115,0,1,0.47010648250579834,0.5819717645645142
209,224,2303,2,2,0.5551832914352417,0.5790382027626038,0.6909551620483398,-0.13577187061309814,-0.02385491132736206,6,0,0.16666666666666666,3,15120,0.6909551620483398,1,0.5551832914352417,0,1,0.5070723295211792,0.5580791234970093
210,377,6881,1,1,0.6716445684432983,0.6069140434265137,0.6960775852203369,-0.024433016777038574,0.06473052501678467,2,0,0.5,7,30119,0.6960775852203369,1,0.610099196434021,0,0,0.6557769775390625,0.7712303996086121
211,15012,8748,2,2,0.679136335849762,0.6706247329711914,0.8494881391525269,-0.1703518033027649,0.008511602878570557,5,0,0.2,9,26990,0.8494881391525269,1,0.6688171625137329,0,0,0.5793271064758301,0.714676558971405
212,14868,2210,2,2,0.7046672105789185,0.6269643902778625,0.7137073278427124,-0.009040117263793945,0.07770282030105591,3,0,0.3333333333333333,9,32217,0.7137073278427124,1,0.5559808015823364,0,0,0.5747520327568054,0.7202664613723755
213,7635,26357,1,1,0.6080561280250549,0.5922334790229797,0.7067698240280151,-0.0987136960029602,0.015822649002075195,5,0,0.2,5,617,0.7067698240280151,1,0.5299773216247559,0,0,0.5459244251251221,0.5960851907730103
214,8380,44190,2,2,0.4438057541847229,0.6455344557762146,0.7640523910522461,-0.3202466368675232,-0.2017287015914917,9,0,0.1111111111111111,1,47848,0.7640523910522461,2,0.4438057541847229,0,1,0.39558708667755127,0.4795502722263336
215,18112,27949,1,1,0.6470998525619507,0.5935744643211365,0.6498058438301086,-0.002705991268157959,0.05352538824081421,2,0,0.5,3,3549,0.6498058438301086,4,0.6470998525619507,0,1,0.5366404056549072,0.6938185691833496
216,9374,20036,2,2,0.6853841543197632,0.6453286409378052,0.7278572916984558,-0.04247313737869263,0.04005551338195801,2,0,0.5,7,10939,0.7278572916984558,2,0.6563795804977417,0,0,0.596185028553009,0.7027323246002197
217,10578,31932,2,2,0.6740090847015381,0.6399694085121155,0.7249194383621216,-0.050910353660583496,0.03403967618942261,5,0,0.2,8,10891,0.7249194383621216,4,0.654620349407196,0,0,0.6280748844146729,0.8521302938461304
218,11955,18892,1,1,0.5515005588531494,0.5190311670303345,0.674728512763977,-0.12322795391082764,0.03246939182281494,3,0,0.3333333333333333,2,6524,0.674728512763977,5,0.5550556182861328,0,0,0.6388887763023376,0.8071942329406738
219,7282,20851,2,2,0.5615534782409668,0.7003799676895142,0.8595441579818726,-0.29799067974090576,-0.13882648944854736,10,0,0.1,9,6062,0.8595441579818726,4,0.6567599177360535,0,0,0.4825184643268585,0.523028552532196
220,1168,18281,2,2,0.8109033107757568,0.6877034306526184,0.7833264470100403,0.027576863765716553,0.12319988012313843,1,1,1.0,7,18281,0.8109033107757568,7,0.8109033107757568,1,1,0.6524479389190674,0.7538843154907227
221,9048,13572,2,2,0.7216179370880127,0.6717521548271179,0.7708967328071594,-0.04927879571914673,0.049865782260894775,5,0,0.2,4,29862,0.7708967328071594,4,0.7708967328071594,1,0,0.6352756023406982,0.7941972017288208
222,17574,19408,1,1,0.6815308332443237,0.6427088975906372,0.6875928044319153,-0.006061971187591553,0.03882193565368652,3,0,0.3333333333333333,1,2844,0.6875928044319153,2,0.627364456653595,0,0,0.593578040599823,0.7806475162506104
223,15061,39688,2,2,0.7008681893348694,0.6887376308441162,0.7442973852157593,-0.04342919588088989,0.012130558490753174,6,0,0.16666666666666666,9,44919,0.7442973852157593,0,0.7008681893348694,0,1,0.614067792892456,0.7465417385101318
224,9483,48326,2,2,0.6761788129806519,0.648700475692749,0.7056431174278259,-0.029464304447174072,0.027478337287902832,4,0,0.25,2,39225,0.7056431174278259,1,0.6592311859130859,0,0,0.599157989025116,0.6930443644523621
225,18855,27681,1,1,0.5748603343963623,0.558725893497467,0.649055540561676,-0.07419520616531372,0.016134440898895264,4,0,0.25,4,35154,0.649055540561676,8,0.5055013298988342,0,0,0.5824362635612488,0.6688829660415649
226,12685,40963,1,1,0.5960394144058228,0.6537365913391113,0.8722715377807617,-0.27623212337493896,-0.057697176933288574,7,0,0.14285714285714285,2,9908,0.8722715377807617,1,0.5803760290145874,0,0,0.5581991672515869,0.6194100975990295
227,8804,42890,1,1,0.5541473031044006,0.5811141133308411,0.7150275707244873,-0.16088026762008667,-0.02696681022644043,8,0,0.125,7,39081,0.7150275707244873,6,0.5541473031044006,0,1,0.6058934330940247,0.732501745223999
228,14081,3690,2,2,0.5030837059020996,0.6218953728675842,0.7233749032020569,-0.22029119729995728,-0.11881166696548462,10,0,0.1,3,47994,0.7233749032020569,4,0.5030837059020996,0,1,0.45405325293540955,0.507344126701355
229,19484,20026,2,2,0.5763270854949951,0.5952752232551575,0.6775449514389038,-0.10121786594390869,-0.018948137760162354,6,0,0.16666666666666666,1,5490,0.6775449514389038,0,0.5763270854949951,0,1,0.5907938480377197,0.690606415271759
230,8575,5159,1,1,0.5290086269378662,0.5312223434448242,0.5876094102859497,-0.058600783348083496,-0.002213716506958008,5,0,0.2,4,33367,0.5876094102859497,2,0.5778203010559082,0,0,0.634725034236908,0.7431769371032715
231,8309,28648,1,1,0.5330592393875122,0.4518902599811554,0.5154258608818054,0.017633378505706787,0.08116897940635681,1,1,1.0,2,28648,0.5330592393875122,8,0.4809103012084961,0,0,0.5276219844818115,0.6169573068618774
232,7980,33852,1,1,0.6235073804855347,0.551263153553009,0.6548869013786316,-0.031379520893096924,0.07224422693252563,2,0,0.5,7,20530,0.6548869013786316,8,0.6235073804855347,0,1,0.5800290703773499,0.6885365843772888
233,2799,27229,2,2,0.5244383811950684,0.6345541477203369,0.7682580947875977,-0.2438197135925293,-0.11011576652526855,10,0,0.1,8,31772,0.7682580947875977,2,0.5244383811950684,0,1,0.4678158760070801,0.5114510655403137
234,13975,28497,2,2,0.712475061416626,0.6458744406700134,0.7003836035728455,0.012091457843780518,0.06660062074661255,1,1,1.0,5,28497,0.712475061416626,3,0.6112520694732666,0,0,0.6159146428108215,0.7090817093849182
235,10468,8590,1,1,0.5323253273963928,0.6065285205841064,0.7495759725570679,-0.21725064516067505,-0.07420319318771362,8,0,0.125,5,31701,0.7495759725570679,3,0.6567072868347168,0,0,0.5654898285865784,0.6480868458747864
236,2068,21800,1,1,0.6296062469482422,0.5446217060089111,0.6108033657073975,0.018802881240844727,0.08498454093933105,1,1,1.0,4,21800,0.6296062469482422,8,0.6093976497650146,0,0,0.6688501834869385,0.9197549223899841
237,14562,35875,2,2,0.6571564674377441,0.626544177532196,0.7221310138702393,-0.06497454643249512,0.030612289905548096,4,0,0.25,0,2231,0.7221310138702393,0,0.7221310138702393,1,0,0.589139461517334,0.6766926050186157
238,6697,18648,2,2,0.7825351357460022,0.6773730516433716,0.7288526296615601,0.05368250608444214,0.10516208410263062,1,1,1.0,0,18648,0.7825351357460022,0,0.7825351357460022,1,1,0.5896094441413879,0.7183710336685181
239,10870,35724,1,1,0.5690799951553345,0.6194851398468018,0.8014391660690308,-0.2323591709136963,-0.050405144691467285,7,0,0.14285714285714285,8,1718,0.8014391660690308,5,0.6282914876937866,0,0,0.5836045742034912,0.8205147981643677
240,480,26039,1,1,0.572496235370636,0.6486307382583618,0.9306603670120239,-0.35816413164138794,-0.07613450288772583,8,0,0.125,6,16426,0.9306603670120239,1,0.5864394903182983,0,0,0.5637381672859192,0.8130702972412109
241,11070,37624,2,2,0.6673769354820251,0.6257345080375671,0.7397206425666809,-0.07234370708465576,0.04164242744445801,5,0,0.2,5,6377,0.7397206425666809,1,0.6673769354820251,0,1,0.5643185377120972,0.6303157806396484
242,2224,47422,1,1,0.8371199369430542,0.584571897983551,0.6727259755134583,0.16439396142959595,0.2525480389595032,1,1,1.0,4,47422,0.8371199369430542,4,0.8371199369430542,1,1,0.5578495860099792,0.6237494945526123
243,983,41414,1,1,0.546759843826294,0.47390317916870117,0.5472148656845093,-0.00045502185821533203,0.07285666465759277,2,0,0.5,3,45750,0.5472148656845093,7,0.546759843826294,0,1,0.5603190660476685,0.7136706113815308
244,13731,22931,1,1,0.4987080991268158,0.6098326444625854,0.6839092969894409,-0.18520119786262512,-0.11112454533576965,10,0,0.1,2,14539,0.6839092969894409,0,0.6431020498275757,0,0,0.4479079842567444,0.5633120536804199
245,14600,7670,1,1,0.5826643705368042,0.6284144520759583,0.8685429096221924,-0.2858785390853882,-0.04575008153915405,6,0,0.16666666666666666,8,9043,0.8685429096221924,1,0.5309120416641235,0,0,0.48932456970214844,0.6787959337234497
246,8813,37014,1,1,0.5706816911697388,0.6213265657424927,0.7375751733779907,-0.16689348220825195,-0.050644874572753906,8,0,0.125,4,29194,0.7375751733779907,0,0.6349682807922363,0,0,0.5340133309364319,0.5942538976669312
247,3532,8025,2,2,0.7158659100532532,0.6805635690689087,0.8310284614562988,-0.11516255140304565,0.03530234098434448,3,0,0.3333333333333333,7,7885,0.8310284614562988,1,0.7099376320838928,0,0,0.6198519468307495,0.7070111632347107
248,9647,16318,2,2,0.6139687895774841,0.6531131863594055,0.7673465013504028,-0.1533777117729187,-0.03914439678192139,8,0,0.125,5,10529,0.7673465013504028,0,0.6955249309539795,0,0,0.5263400673866272,0.6878297328948975
249,2583,10807,2,2,0.6797662973403931,0.6578851938247681,0.7615289688110352,-0.08176267147064209,0.021881103515625,3,0,0.3333333333333333,2,13330,0.7615289688110352,1,0.6502872705459595,0,0,0.6789004802703857,0.8030009865760803
